{
  "accuracy": 0.6446666666666667,
  "precision": 0.5084269662921348,
  "recall": 0.6642201834862386,
  "f1": 0.5759745425616547
}